timestamp	filename	size_bytes
2026-04-18T01:12:33-04:00	539dd7fc765f56de	155
2026-04-18T01:15:44-04:00	9f418811b6056b5d	107
2026-04-18T01:18:57-04:00	33b8fed55a82fd00	149
2026-04-18T01:22:06-04:00	75405529a7ca70de	161
2026-04-18T01:25:14-04:00	bb447c43140629ea	155
2026-04-18T01:29:08-04:00	0e5ca8fe7932ccfd	59
2026-04-18T01:37:38-04:00	cb368cffd7e432e1	172
2026-04-18T01:39:00-04:00	5c05daf60144c80f	155
2026-04-18T01:39:42-04:00	9a4a0b285160bbb4	207
2026-04-18T01:40:20-04:00	9997bd4e6c668f5a	155
2026-04-18T01:41:04-04:00	8153f063abc1ea37	146
2026-04-18T01:41:59-04:00	bf31f1b3612684dc	169
2026-04-18T01:42:47-04:00	434de24c56a01f83	155
2026-04-18T01:43:35-04:00	1b35da6f5e87c8e0	149
2026-04-18T01:44:26-04:00	f784df0de3d1544d	191
2026-04-18T01:45:16-04:00	948911dcebe66bec	160
2026-04-18T01:46:18-04:00	4d4c77bfbc2aa60b	187
2026-04-18T01:47:10-04:00	e85c707d28610b49	155
2026-04-18T01:48:06-04:00	98e9da721a91307d	149
2026-04-18T01:48:57-04:00	baf9badf7e712819	91
2026-04-18T01:49:53-04:00	a6553b5cbebbc325	162
2026-04-18T01:50:49-04:00	fa00a047d1d41146	187
2026-04-18T01:51:43-04:00	74a6a4122ed6b983	175
2026-04-18T01:52:42-04:00	74e070512b3e903c	167
2026-04-18T01:53:43-04:00	431fb6f6dd8a8f97	155
2026-04-18T01:54:41-04:00	48c7b6ece6d4f072	155
2026-04-18T01:55:42-04:00	2ad03eb6cc7cbf33	155
2026-04-18T01:56:45-04:00	84ba9bf93d19ef1b	169
2026-04-18T01:57:47-04:00	3949243b5c8a6dfc	155
2026-04-18T01:58:49-04:00	172d11cb3dc8c916	163
2026-04-18T01:59:52-04:00	97013f3444e38cad	159
2026-04-18T02:00:56-04:00	b63175c804028222	125
2026-04-18T02:02:00-04:00	365010ad4b412e38	155
2026-04-18T02:03:05-04:00	0bb69fd0a387eb9a	153
2026-04-18T02:04:11-04:00	17f7b1e80541a82e	170
2026-04-18T02:05:17-04:00	eee0920977477e79	155
2026-04-18T02:06:25-04:00	6ef512acc7e15fab	155
2026-04-18T02:07:34-04:00	c75ef62d6c7a4a9f	149
2026-04-18T02:08:43-04:00	ca4273eae6032a53	155
2026-04-18T02:09:53-04:00	822031bc98ebe34a	163
2026-04-18T02:11:03-04:00	ebf49a0b2231fd56	149
2026-04-18T02:12:13-04:00	2d9225f45cb81ed3	155
2026-04-18T02:13:26-04:00	16c4795f4eff7f2a	183
2026-04-18T02:14:40-04:00	8183fda572d2704b	155
2026-04-18T02:15:54-04:00	78b0fb4c2e16e4c9	178
2026-04-18T02:17:11-04:00	580eb01d85944aa6	69
2026-04-18T02:18:26-04:00	94ffeeff3dc7b02f	155
2026-04-18T02:19:46-04:00	488f5e862f596051	171
2026-04-18T02:21:03-04:00	74649b036aaa1ca3	155
2026-04-18T02:22:21-04:00	8fafc51758b32f11	155
2026-04-18T02:23:39-04:00	a2eabf7dad67a915	159
2026-04-18T02:25:00-04:00	71a6b447613b2b87	113
2026-04-18T02:26:21-04:00	742629d82d959c7c	177
2026-04-18T02:27:23-04:00	b5613b92135b98f6	178
2026-04-18T02:29:46-04:00	dd59c88cabae7852	161
2026-04-18T02:32:07-04:00	6b31a7213ead3f38	83
2026-04-18T02:35:34-04:00	85879c6ee8da7841	151
2026-04-18T02:36:57-04:00	a56cab7f950ba5b3	156
2026-04-18T02:44:40-04:00	8c33f2974ee4c51a	170
2026-04-18T02:46:05-04:00	c9285f2468df23ee	154
2026-04-18T02:50:44-04:00	86cb65bdec1a4bc4	155
2026-04-18T02:52:12-04:00	fe4869f1c79d5a45	155
2026-04-18T02:53:39-04:00	11903360e945f5b7	177
2026-04-18T02:55:08-04:00	b4c59d2c4e995659	159
2026-04-18T02:58:46-04:00	b974a1963d665a84	155
2026-04-18T03:00:14-04:00	3f02fad4d73cc082	145
2026-04-18T03:02:54-04:00	b858fa6f1fabc8b3	159
2026-04-18T03:29:38-04:00	2d24f7d4970538a9	155
2026-04-18T03:31:13-04:00	1d1160ed84d6d173	171
2026-04-18T03:39:32-04:00	c5ee62390524e40e	198
2026-04-18T03:41:07-04:00	5993ed2664ff668c	152
2026-04-18T03:43:46-04:00	442debd2c9d4bfb2	155
2026-04-18T03:45:19-04:00	7619c41b1e15142f	155
2026-04-18T03:46:53-04:00	9453008b8a10057d	155
2026-04-18T03:48:23-04:00	0e2a0212046f7840	156
2026-04-18T03:49:56-04:00	a0f86ebe34658503	155
2026-04-18T03:57:11-04:00	df91680f09ce9989	165
2026-04-18T03:58:44-04:00	48cd70f9b958f5d2	155
2026-04-18T04:00:15-04:00	c6993c4186b5c68c	155
2026-04-18T04:01:49-04:00	81d584a8e84ab0fd	155
2026-04-18T04:03:22-04:00	167377107859730b	161
2026-04-18T04:04:54-04:00	2f3425a1dec82787	149
2026-04-18T04:06:30-04:00	31f14cf8761d0e24	155
2026-04-18T04:08:07-04:00	baa0f818a70b2f04	159
2026-04-18T04:09:44-04:00	4bffeacf6cbef00e	175
2026-04-18T04:13:37-04:00	3a44e4fe6c19e2d9	167
2026-04-18T04:15:13-04:00	52716cebfa96c8fd	149
2026-04-18T04:16:51-04:00	86da0d4c1bb47716	149
2026-04-18T04:18:28-04:00	45e92e9239ce46d2	183
2026-04-18T04:22:22-04:00	3f46cad4275d7852	137
2026-04-18T04:23:59-04:00	f93594dc5692618e	71
2026-04-18T04:28:04-04:00	d3daa9ff2f892a3f	152
2026-04-18T04:30:54-04:00	eb53ea62bf19dd04	155
2026-04-18T04:33:44-04:00	0608a2101dcad943	97
2026-04-18T04:36:37-04:00	acbdab0c1479771f	155
2026-04-18T04:39:30-04:00	2384f9f9de9c402d	166
2026-04-18T04:43:34-04:00	a854f52ab26a458b	155
2026-04-18T04:45:11-04:00	7474dc01e3338325	155
2026-04-18T04:46:53-04:00	6ae6755f456dffd4	153
2026-04-18T04:48:34-04:00	cc57d62831754c08	159
2026-04-18T04:50:16-04:00	29844f26d28c0f38	159
2026-04-18T04:51:58-04:00	0e798aeb3599a106	149
2026-04-18T04:53:37-04:00	e96d8a4f1cee6cba	151
2026-04-18T04:55:19-04:00	d2185f47eec2eed1	149
2026-04-18T04:57:01-04:00	90299e7603223751	152
2026-04-18T04:59:58-04:00	7e7e30a4690a9794	155
2026-04-18T05:01:41-04:00	a29d739f03f571be	152
2026-04-18T05:04:38-04:00	b344a260ad93c4ec	155
2026-04-18T05:06:22-04:00	f9ee2bac269c9b7e	155
2026-04-18T05:08:05-04:00	2d3e66c94b2ab429	155
2026-04-18T05:09:50-04:00	f007c8a40c899d3c	161
2026-04-18T05:11:35-04:00	cb3f47328b86c055	155
2026-04-18T05:14:36-04:00	b5bfa2ec5f8e5119	179
2026-04-18T05:16:22-04:00	b47e2a95308a8957	155
2026-04-18T05:18:07-04:00	addb2cc27af53e92	75
2026-04-18T05:19:53-04:00	3808efcc896787d0	159
2026-04-18T05:21:41-04:00	78aca66d0d6b723c	187
2026-04-18T05:23:29-04:00	a526d11a62b5cbcd	271
2026-04-18T05:25:17-04:00	9ffe64d525c2af3d	155
2026-04-18T05:27:06-04:00	8ed279cf06999749	203
2026-04-18T05:28:55-04:00	96eaf5c09f0fe593	155
2026-04-18T05:30:44-04:00	664a912bd048c2a1	149
2026-04-18T05:32:34-04:00	f26883fae8b30cab	175
2026-04-18T05:35:44-04:00	55a1f3833a69924d	152
2026-04-18T05:37:34-04:00	79f006375e7d3bb4	149
2026-04-18T05:39:24-04:00	d1c3e09cf1ab980d	173
2026-04-18T05:42:35-04:00	4558af1cf7116b8b	75
2026-04-18T05:44:26-04:00	765d50a72bd962ec	155
2026-04-18T05:46:17-04:00	69675a3af89492da	155
2026-04-18T05:48:07-04:00	69d019f2a13f3315	165
2026-04-18T05:49:58-04:00	f4a627b040a83981	155
2026-04-18T05:51:52-04:00	a66030ad933168e9	155
2026-04-18T05:53:43-04:00	5778b352b901f7b3	227
2026-04-18T05:55:35-04:00	208d34d1621baa2b	155
2026-04-18T05:57:27-04:00	c2608dac9db15f03	155
2026-04-18T05:59:20-04:00	2f09368811c02c54	155
2026-04-18T06:02:38-04:00	896f5a5a2e93b640	175
2026-04-18T06:04:32-04:00	33dd51c8b5f44400	181
2026-04-18T06:06:25-04:00	0e3659b7de782e07	155
2026-04-18T06:08:23-04:00	57a452790800e88d	155
2026-04-18T06:10:17-04:00	de7cdb1d5cf7ec3b	171
2026-04-18T06:12:10-04:00	2e8391c1607d31c5	159
2026-04-18T06:14:03-04:00	8187e28d18a4789b	78
2026-04-18T06:17:24-04:00	8cf635a894d6e34f	160
2026-04-18T06:20:44-04:00	294399c15c245941	155
2026-04-18T06:22:39-04:00	553a4f7e87c711b7	168
2026-04-18T06:24:33-04:00	2bd27c6366778ccd	155
2026-04-18T06:26:31-04:00	e08946853e612b48	155
2026-04-18T06:28:26-04:00	b5dd2c4625821147	153
2026-04-18T06:30:21-04:00	325bd2f9ab5459d3	183
2026-04-18T06:33:43-04:00	d5fd21cdd099f724	149
2026-04-18T06:35:38-04:00	1fa4d44065e221c1	170
2026-04-18T06:39:02-04:00	73fce5478f4d88ef	155
2026-04-18T06:42:27-04:00	296a255c8c6d5ac5	183
2026-04-18T06:44:23-04:00	06ca359fae9d0e27	306
2026-04-18T06:47:46-04:00	5b6c8b310a931d82	183
2026-04-18T06:49:43-04:00	e12bd98424a7a45b	153
2026-04-18T06:51:43-04:00	04d5a6d5b4790b08	155
2026-04-18T06:53:40-04:00	5e21adcef7dc20d2	155
2026-04-18T06:55:38-04:00	1ab7df0404fe01b8	167
2026-04-18T06:57:38-04:00	07cbf3d2dba5cac8	155
2026-04-18T06:59:35-04:00	5b1b1c16fe36c9ea	152
2026-04-18T07:03:02-04:00	21cf8c3897e42ed3	155
2026-04-18T07:06:28-04:00	e7e798aa6292506a	155
2026-04-18T07:08:26-04:00	77407457751c358e	156
2026-04-18T07:10:28-04:00	44846b006119b7ce	176
2026-04-18T07:12:25-04:00	0c085cdd756d01d3	71
2026-04-18T07:14:26-04:00	36e8bff1c2c4dd69	155
2026-04-18T07:16:27-04:00	a326566d3b7c7d46	155
2026-04-18T07:18:27-04:00	2f052e0b26d27a0d	165
2026-04-18T07:21:56-04:00	9563f02db9cd3034	199
2026-04-18T07:25:25-04:00	b53e379b2bca329b	155
2026-04-18T07:28:54-04:00	e5dfaa9f16f26121	149
2026-04-18T07:30:58-04:00	dd71153bacc63ef3	152
2026-04-18T07:32:59-04:00	538487bb69335e89	155
2026-04-18T07:35:03-04:00	379b32a3ba81c4d9	160
2026-04-18T07:37:05-04:00	6fd25ae3eb2dec42	155
2026-04-18T07:39:10-04:00	d7c8db09ad9129e6	163
2026-04-18T07:41:14-04:00	7aa66f3dfbd4ebfa	155
2026-04-18T07:44:48-04:00	5862536375a62d83	213
2026-04-18T07:48:24-04:00	11b5904a0a34c086	155
2026-04-18T07:50:30-04:00	e9215e9c077de838	161
2026-04-18T07:52:35-04:00	486d392b3bf0bc62	167
2026-04-18T07:54:40-04:00	fe215a793be9ac2d	152
2026-04-18T07:56:43-04:00	6a2fb0e6084ae6a5	149
2026-04-18T07:58:51-04:00	7a738d4bbfc64362	149
2026-04-18T08:00:57-04:00	884de0eda112e85d	187
2026-04-18T08:03:00-04:00	e3bd139da4c291cd	155
2026-04-18T08:06:38-04:00	f19e4d8bec174aae	171
2026-04-18T08:08:46-04:00	f96ce0f6cba5bc6a	155
2026-04-18T08:10:50-04:00	3d3658761e729aeb	155
2026-04-18T08:12:59-04:00	05f2ed21673dfbc5	165
2026-04-18T08:15:05-04:00	8ddaa2b9ee6969f5	155
2026-04-18T08:17:09-04:00	f608c7204f91bf15	171
2026-04-18T08:19:18-04:00	152cb9e16636194c	171
2026-04-18T08:21:22-04:00	db97e81ea4fe1068	159
2026-04-18T08:23:33-04:00	250a2b254f4e8a2a	155
2026-04-18T08:30:12-04:00	e5049c8352c15259	155
2026-04-18T08:32:19-04:00	6c9c2308ac464147	201
2026-04-18T08:45:07-04:00	698191cf30b23a00	160
2026-04-18T08:47:16-04:00	fa646683233a7127	203
2026-04-18T08:50:55-04:00	6146b1fade3a7d26	165
2026-04-18T08:53:04-04:00	f39091fa292d471b	169
2026-04-18T08:56:43-04:00	b1ce61f2265b650f	167
2026-04-18T09:00:24-04:00	2872d4ce131de601	154
2026-04-18T09:02:30-04:00	ff6b071f0a1ad07b	166
2026-04-18T09:04:40-04:00	248db6d49764b94e	152
2026-04-18T09:08:22-04:00	06b975d4c8cd73eb	146
2026-04-18T09:10:33-04:00	a71c0d731ae492fb	187
2026-04-18T09:14:15-04:00	0771603682c4fc04	171
2026-04-18T09:16:27-04:00	8a0a44f32606fe5e	155
2026-04-18T09:21:44-04:00	0f36d7225447ca53	120
2026-04-18T09:25:31-04:00	d7579cee29c191c4	159
2026-04-18T09:29:15-04:00	34dea921858defd3	143
2026-04-18T09:33:03-04:00	f2fa8709b9fc7630	149
2026-04-18T09:35:11-04:00	27c8fe4b52ecc3a6	161
2026-04-18T09:37:23-04:00	a8ac317c27f1c4ba	155
2026-04-18T09:41:09-04:00	d10cc19d9f79d9fc	155
2026-04-18T09:43:21-04:00	7824a5da3ab3fd42	183
2026-04-18T09:45:33-04:00	9ad03eac5e02a104	155
2026-04-18T09:47:44-04:00	69fe8e5fc75901f2	132
2026-04-18T09:49:54-04:00	ef2c5c98485d58f5	155
2026-04-18T09:52:07-04:00	10ed91622deec4ef	155
2026-04-18T09:54:20-04:00	4e1a2a6cc637eede	159
2026-04-18T09:56:30-04:00	e6e6f38b305e3b31	152
2026-04-18T09:58:43-04:00	918e53df73e1f3bb	175
2026-04-18T10:02:34-04:00	37e43afa77bd5c35	155
2026-04-18T10:06:23-04:00	dd0bf32bcceea8f2	160
2026-04-18T10:08:35-04:00	87840aaaa21a7b6d	155
2026-04-18T10:10:49-04:00	34acf2473f47a54b	155
2026-04-18T10:13:03-04:00	433c05d11d6b2722	171
2026-04-18T10:15:13-04:00	dfdf5e53e3ce7fe1	175
2026-04-18T10:17:27-04:00	6fdaaff57d253f10	72
2026-04-18T10:19:41-04:00	c64d22266a27eff0	155
2026-04-18T10:22:17-04:00	4ca0df0beeb379ff	59
2026-04-18T10:24:26-04:00	780e2d5cc7630308	152
2026-04-18T10:33:09-04:00	25f61c2c82179ae9	81
2026-04-18T10:42:01-04:00	e8df2c60300de107	155
2026-04-18T10:44:13-04:00	438fc89ee1a4f206	152
2026-04-18T10:46:27-04:00	3b3a0451303e63a7	152
2026-04-18T10:48:41-04:00	66ceb310322d4622	59
2026-04-18T10:50:54-04:00	a3a768e66b5192d7	175
2026-04-18T10:53:08-04:00	1aeecfb2a61b6df1	87
2026-04-18T10:55:19-04:00	6fac01d82e8f1f3d	159
2026-04-18T10:57:35-04:00	d31a411244ca1a3d	155
2026-04-18T10:59:49-04:00	8ae0a18c50c02e3a	177
2026-04-18T11:02:05-04:00	c66b73bdbbc3eb67	149
2026-04-18T11:05:59-04:00	a618b7f1e41ff5a2	146
2026-04-18T11:09:51-04:00	d6777463e42349be	155
2026-04-18T11:12:06-04:00	8ddc56904a289a56	173
2026-04-18T11:14:20-04:00	f492b16c84078f27	82
2026-04-18T11:18:16-04:00	97d27a2584cf6fab	155
2026-04-18T11:20:27-04:00	0cfbdfdfea2f767d	161
2026-04-18T11:22:43-04:00	3fd2b9f9e2e59802	179
2026-04-18T11:24:58-04:00	c82ff43e69b1468d	157
2026-04-18T11:27:13-04:00	db092c39d5377fcb	155
2026-04-18T11:29:30-04:00	e70184b5118b85a2	173
2026-04-18T11:31:45-04:00	1bafda9a168469dd	187
2026-04-18T11:33:57-04:00	897568c1ec376c67	155
2026-04-18T11:36:11-04:00	1944992df2af5646	133
2026-04-18T11:40:06-04:00	e26bd5dea9439add	152
2026-04-18T11:42:21-04:00	d1a5d4b05404a4d8	155
2026-04-18T11:44:34-04:00	79b33e0da2f34bde	164
2026-04-18T11:50:10-04:00	f58367b656808003	195
2026-04-18T11:54:07-04:00	f7494854cc4c5ef0	171
2026-04-18T11:56:22-04:00	e748af6baaa6a3ed	172
2026-04-18T11:58:35-04:00	992b294eca165ab0	197
2026-04-18T12:00:51-04:00	d28f59cddb47f619	155
2026-04-18T12:03:09-04:00	f4dd6d529467118f	155
2026-04-18T12:05:27-04:00	afea9ee13fdc5949	155
2026-04-18T12:07:43-04:00	78660d8170be8aff	59
2026-04-18T12:11:42-04:00	68e652fc3ec9e6e7	177
2026-04-18T12:13:59-04:00	0c8be680fa3ec5c0	186
2026-04-18T12:16:16-04:00	5d9df33fad720f3c	184
2026-04-18T12:18:31-04:00	c61e91e1f76cd3e3	155
2026-04-18T12:20:49-04:00	627bec8164e0a923	168
2026-04-18T12:23:09-04:00	a73d35e557bceda2	168
2026-04-18T12:25:28-04:00	ef0a5f076e9a53e6	128
2026-04-18T12:27:46-04:00	fa3eecb18a090b7f	153
2026-04-18T12:31:48-04:00	6d6366272546c9b6	165
2026-04-18T12:34:05-04:00	375d472a0bfa744e	186
2026-04-18T12:36:24-04:00	37f96c1c2a335d94	155
2026-04-18T12:40:26-04:00	fa0dacad1e81b1de	175
2026-04-18T12:42:44-04:00	f9b493e48a19c919	161
2026-04-18T12:45:03-04:00	e7148efe30fe09cc	172
2026-04-18T12:47:18-04:00	8ca5550ca11571ac	155
2026-04-18T12:51:21-04:00	eb7513d9a8496f3c	151
2026-04-18T12:53:40-04:00	7ca0c692daea2447	155
2026-04-18T12:55:59-04:00	7321966155680b23	163
2026-04-18T12:58:17-04:00	23fe15bcb97fa1a3	155
2026-04-18T13:00:37-04:00	411b11d46f1dbd53	146
2026-04-18T13:02:56-04:00	202d465e8c319575	155
2026-04-18T13:05:16-04:00	675d2cca50770487	155
2026-04-18T13:07:35-04:00	9b95260841597a26	77
2026-04-18T13:09:54-04:00	ef8b70053d125289	155
2026-04-18T13:12:13-04:00	93fc9d13c3afdeeb	66
2026-04-18T13:14:33-04:00	774408459b0cd5be	12547
2026-04-18T13:16:54-04:00	dd8fba218771ea38	155
2026-04-18T13:20:57-04:00	7ad4b353be69870e	168
2026-04-18T13:23:17-04:00	1add72fd38b074f8	199
2026-04-18T13:25:38-04:00	c16b4730478132b0	164
2026-04-18T13:27:53-04:00	c1f9ed22d946145b	146
2026-04-18T13:30:14-04:00	508386b9ffe8d356	146
2026-04-18T13:32:33-04:00	f4755030dd9bdd78	157
2026-04-18T13:34:54-04:00	58d26497953475bb	159
2026-04-18T13:37:14-04:00	a312f3c2f1817276	152
2026-04-18T13:39:36-04:00	dc4b23fcad767007	155
2026-04-18T13:41:56-04:00	4949726e12482968	116
2026-04-18T13:44:18-04:00	2bd8454ac289afab	167
2026-04-18T13:46:38-04:00	56bb73d06a2f0b98	155
2026-04-18T13:49:00-04:00	68bed559f66ecdf7	142
2026-04-18T13:51:21-04:00	7eb4b54ff1f34a41	155
2026-04-18T13:53:44-04:00	2c9f99a3e9b6b610	155
2026-04-18T13:56:09-04:00	98d696475681f400	155
2026-04-18T13:58:31-04:00	576fe78ba113abd2	155
2026-04-18T14:00:54-04:00	397126add7e05a64	155
2026-04-18T14:03:16-04:00	c5deef2634725ac1	167
2026-04-18T14:05:38-04:00	9ff8f9555f56fcae	146
2026-04-18T14:07:59-04:00	82fe47b4e1f48351	78
2026-04-18T14:10:20-04:00	400af54e2c894963	59
2026-04-18T14:12:43-04:00	026d4155f7e06e31	163
2026-04-18T14:15:05-04:00	054fe5322d37ec30	81
2026-04-18T14:22:46-04:00	024a3e6dd28c9417	170
2026-04-18T14:25:08-04:00	af283ff6d53b6cfc	155
2026-04-18T14:29:50-04:00	45bb09c153435fd9	187
2026-04-18T14:32:12-04:00	b95e91786a80dede	155
2026-04-18T14:34:34-04:00	85b2d39fb634e221	155
2026-04-18T14:36:54-04:00	4c6da846581b354c	92
2026-04-18T14:39:16-04:00	d5786461b8f7fb23	177
2026-04-18T14:45:14-04:00	6ce6cb3a9686e9f4	163
2026-04-18T14:47:38-04:00	5b8e6538ce613cb9	173
2026-04-18T14:49:59-04:00	bc8e243985145d36	187
2026-04-18T14:52:23-04:00	9754675374410b55	155
2026-04-18T14:54:44-04:00	2f9e0ed3e4c73cac	187
2026-04-18T14:57:08-04:00	7cb002d4329abbe5	155
2026-04-18T14:59:31-04:00	1969d991ada9ac30	176
2026-04-18T15:01:56-04:00	3347c814fd43f858	155
2026-04-18T15:04:18-04:00	233b08275a3c8791	101
2026-04-18T15:06:39-04:00	b17255d32c3f49dc	99
